Parent,Node,URL,Notes
Dinnerware,,https://www.rakporcelain.com/us-en/collections/dinnerware,Top-level dinnerware hub
Dinnerware,Ivoris,https://www.rakporcelain.com/us-en/collections/dinnerware/ivoris-9,Ivoris collection overview
Ivoris,Allspice,https://www.rakporcelain.com/us-en/collections/dinnerware/ivoris-9/allspice-1241,
Ivoris,Aurea,https://www.rakporcelain.com/us-en/collections/dinnerware/ivoris-9/aurea-1243,
Ivoris,Favourite,https://www.rakporcelain.com/us-en/collections/dinnerware/ivoris-9/favourite-1252,
Ivoris,Giro,https://www.rakporcelain.com/us-en/collections/dinnerware/ivoris-9/giro-1254,
Ivoris,Lyra,https://www.rakporcelain.com/us-en/collections/dinnerware/ivoris-9/lyra-1258,
Ivoris,Minimax,https://www.rakporcelain.com/us-en/collections/dinnerware/ivoris-9/minimax-1263,
Ivoris,Nabur,https://www.rakporcelain.com/us-en/collections/dinnerware/ivoris-9/nabur-1264,
Ivoris,Nordic,https://www.rakporcelain.com/us-en/collections/dinnerware/ivoris-9/nordic-1266,
Ivoris,Sensate,https://www.rakporcelain.com/us-en/collections/dinnerware/ivoris-9/sensate-1270,
Ivoris,White Gold,https://www.rakporcelain.com/us-en/collections/dinnerware/ivoris-9/white-gold-1273,
Dinnerware,Polaris,https://www.rakporcelain.com/us-en/collections/dinnerware/polaris-91,Polaris collection overview
Polaris,Access,https://www.rakporcelain.com/us-en/collections/dinnerware/polaris-91/access-1282,
Polaris,Charm,https://www.rakporcelain.com/us-en/collections/dinnerware/polaris-91/charm-1283,
Polaris,Classic Polaris,https://www.rakporcelain.com/us-en/collections/dinnerware/polaris-91/classic-polaris-1291,
Polaris,Evolution,https://www.rakporcelain.com/us-en/collections/dinnerware/polaris-91/evolution-1285,
Polaris,Helm,https://www.rakporcelain.com/us-en/collections/dinnerware/polaris-91/helm-1286,
Polaris,Moon,https://www.rakporcelain.com/us-en/collections/dinnerware/polaris-91/moon-1287,
Polaris,Polaris SKA,https://www.rakporcelain.com/us-en/collections/dinnerware/polaris-91/polaris-ska-2846,
Polaris,Rimz,https://www.rakporcelain.com/us-en/collections/dinnerware/polaris-91/rimz-2849,
Dinnerware,Opulence,https://www.rakporcelain.com/us-en/collections/dinnerware/opulence-86,Opulence collection overview
Opulence,Antic,https://www.rakporcelain.com/us-en/collections/dinnerware/opulence-86/antic-1275,
Opulence,Cobbles,https://www.rakporcelain.com/us-en/collections/dinnerware/opulence-86/cobbles-1276,
Opulence,Metalfusion,https://www.rakporcelain.com/us-en/collections/dinnerware/opulence-86/metalfusion-1278,
Opulence,Pure Ultra,https://www.rakporcelain.com/us-en/collections/dinnerware/opulence-86/pure-ultra-1281,
Dinnerware,Epic,https://www.rakporcelain.com/us-en/collections/dinnerware/epic-18,Epic collection overview
Epic,Sensation,https://www.rakporcelain.com/us-en/collections/dinnerware/epic-18/sensation-1204,
Dinnerware,Fusion,https://www.rakporcelain.com/us-en/collections/dinnerware/fusion-19,Fusion collection overview
Fusion,Edge,https://www.rakporcelain.com/us-en/collections/dinnerware/fusion-19/edge-1220,
Fusion,Genesis,https://www.rakporcelain.com/us-en/collections/dinnerware/fusion-19/genesis-1223,
Fusion,Kintzoo,https://www.rakporcelain.com/us-en/collections/dinnerware/fusion-19/kintzoo-1226,
Fusion,Lea,https://www.rakporcelain.com/us-en/collections/dinnerware/fusion-19/lea-1227,
Fusion,Neofusion,https://www.rakporcelain.com/us-en/collections/dinnerware/fusion-19/neofusion-1228,
Fusion,Neofusion Tonic,https://www.rakporcelain.com/us-en/collections/dinnerware/fusion-19/neofusion-tonic-1230,
Fusion,Oxyd,https://www.rakporcelain.com/us-en/collections/dinnerware/fusion-19/oxyd-1231,
Fusion,Ruby,https://www.rakporcelain.com/us-en/collections/dinnerware/fusion-19/ruby-1232,
Fusion,Woodart,https://www.rakporcelain.com/us-en/collections/dinnerware/fusion-19/woodart-1239,
Dinnerware,RAK Earth,https://www.rakporcelain.com/us-en/collections/dinnerware/rak-earth-6,RAK Earth collection overview
RAK Earth,Argila,https://www.rakporcelain.com/us-en/collections/dinnerware/rak-earth-6/argila-1292,
RAK Earth,Baantna,https://www.rakporcelain.com/us-en/collections/dinnerware/rak-earth-6/baantna-1293,
RAK Earth,Ghera,https://www.rakporcelain.com/us-en/collections/dinnerware/rak-earth-6/ghera-1294,
RAK Earth,Tero,https://www.rakporcelain.com/us-en/collections/dinnerware/rak-earth-6/tero-1295,
Dinnerware,Esencia,https://www.rakporcelain.com/us-en/collections/dinnerware/esencia-291,Esencia collection overview
Esencia,Fleur,https://www.rakporcelain.com/us-en/collections/dinnerware/esencia-291/fleur-2864,
Esencia,Paisley,https://www.rakporcelain.com/us-en/collections/dinnerware/esencia-291/paisley-2867,
Esencia,Salvia,https://www.rakporcelain.com/us-en/collections/dinnerware/esencia-291/salvia-2869,
Esencia,Fire,https://www.rakporcelain.com/us-en/collections/dinnerware/esencia-291/fire-2171,
Dinnerware,RAK Stone,https://www.rakporcelain.com/us-en/collections/dinnerware/rak-stone-7,RAK Stone (stoneware) overview
RAK Stone,Ease,https://www.rakporcelain.com/us-en/collections/dinnerware/rak-stone-7/ease-1296,
RAK Stone,Kerrazzo,https://www.rakporcelain.com/us-en/collections/dinnerware/rak-stone-7/kerrazzo-1297,
RAK Stone,Selva,https://www.rakporcelain.com/us-en/collections/dinnerware/rak-stone-7/selva-1299,
RAK Stone,Spot,https://www.rakporcelain.com/us-en/collections/dinnerware/rak-stone-7/spot-1300,
RAK Stone,Spring & Summer,https://www.rakporcelain.com/us-en/collections/dinnerware/rak-stone-7/spring-%26-summer-1301,
Dinnerware,Digi,https://www.rakporcelain.com/us-en/collections/dinnerware/digi-28,Digi collection overview
